{
    "nowcast_threshold": 0.44000000000000006,
    "forecast_threshold": 0.4600000000000001
}